{
  "Solver Status": "ok",
  "Termination Condition": "optimal",
  "Termination Message": "Ipopt 3.13.2\\x3a Optimal Solution Found",
  "Scenarios": [
    {
      "Total FIM": [
        [
          212.79563066666447,
          558.7590109484312
        ],
        [
          558.7590109484312,
          8481.599600173231
        ]
      ],
      "log10 A-opt": -2.2347144471667972,
      "log10 pseudo A-opt": 3.9392393785131365,
      "log10 D-opt": 6.173953825679933,
      "log10 E-opt": 2.243555698939017,
      "FIM Condition Number": 48.62307577896729,
      "Unknown Parameters": [
        15.014999999999999,
        0.5
      ],
      "Experiments": [
        {
          "Experiment Design": [
            9.999917596000317
          ],
          "Experiment Outputs": [
            14.91382555730525
          ],
          "Measurement Error": [
            14.91382555730525
          ],
          "FIM": [
            [
              98.65689544276121,
              100.39190527833513
            ],
            [
              100.39190527833513,
              102.15742751870043
            ]
          ],
          "Sensitivity Matrix": [
            [
              0.9932617753782796,
              1.0107295756962085
            ]
          ]
        },
        {
          "Experiment Design": [
            9.999958844374381
          ],
          "Experiment Outputs": [
            14.913827643924348
          ],
          "Measurement Error": [
            14.913827643924348
          ],
          "FIM": [
            [
              98.65692304928628,
              100.39026294264093
            ],
            [
              100.39026294264093,
              102.15405652432193
            ]
          ],
          "Sensitivity Matrix": [
            [
              0.9932619143472998,
              1.010712899513621
            ]
          ]
        }
      ]
    }
  ],
  "Experiment Design Names": [
    "hour"
  ],
  "Experiment Output Names": [
    "y"
  ],
  "Unknown Parameter Names": [
    "asymptote",
    "rate_constant"
  ],
  "Measurement Error Names": [
    "y"
  ],
  "Number of Scenarios": 1,
  "Number of Experiments per Scenario": 2,
  "Prior FIM": [
    [
      15.481812174616982,
      357.97684272745516
    ],
    [
      357.9768427274551,
      8277.28811613021
    ]
  ],
  "Objective expression": "trace",
  "Finite Difference Scheme": "central",
  "Finite Difference Step": 0.001,
  "Nominal Parameter Scaling": false,
  "Build Time": 0.19048437499986903,
  "Initialization Time": 0.018060833999697934,
  "Solve Time": 0.025770707999981823,
  "Wall-clock Time": 0.2343159169995488
}