{
  "Solver Status": "ok",
  "Termination Condition": "optimal",
  "Termination Message": "Ipopt 3.13.2\\x3a Optimal Solution Found",
  "Scenarios": [
    {
      "Total FIM": [
        [
          95.57484363813195,
          1754.7903159614175
        ],
        [
          1754.7903159614175,
          32637.558241097202
        ]
      ],
      "log10 A-opt": -0.08751161894955414,
      "log10 pseudo A-opt": 4.51498757623041,
      "log10 D-opt": 4.602499195179964,
      "log10 E-opt": 0.08752784947948071,
      "FIM Condition Number": 26757.374443771376,
      "Unknown Parameters": [
        15.014999999999999,
        0.5
      ],
      "Experiments": [
        {
          "Experiment Design": [
            2.0036956413319342
          ],
          "Experiment Outputs": [
            9.501487592096193
          ],
          "Measurement Error": [
            9.501487592096193
          ],
          "FIM": [
            [
              40.04354684359401,
              698.38093319856
            ],
            [
              698.38093319856,
              12180.138031438675
            ]
          ],
          "Sensitivity Matrix": [
            [
              0.632799706433235,
              11.036366264055703
            ]
          ]
        },
        {
          "Experiment Design": [
            2.00395118562773
          ],
          "Experiment Outputs": [
            9.502192020414887
          ],
          "Measurement Error": [
            9.502192020414887
          ],
          "FIM": [
            [
              40.04948461992096,
              698.4325400354026
            ],
            [
              698.4325400354026,
              12180.132093528317
            ]
          ],
          "Sensitivity Matrix": [
            [
              0.6328466214062124,
              11.036363573898933
            ]
          ]
        }
      ]
    }
  ],
  "Experiment Design Names": [
    "hour"
  ],
  "Experiment Output Names": [
    "y"
  ],
  "Unknown Parameter Names": [
    "asymptote",
    "rate_constant"
  ],
  "Measurement Error Names": [
    "y"
  ],
  "Number of Scenarios": 1,
  "Number of Experiments per Scenario": 2,
  "Prior FIM": [
    [
      15.481812174616982,
      357.97684272745516
    ],
    [
      357.9768427274551,
      8277.28811613021
    ]
  ],
  "Objective expression": "pseudo_trace",
  "Finite Difference Scheme": "central",
  "Finite Difference Step": 0.001,
  "Nominal Parameter Scaling": false,
  "Build Time": 0.2069077500000276,
  "Initialization Time": 0.019435832999988634,
  "Solve Time": 0.02238908400067885,
  "Wall-clock Time": 0.24873266700069507
}